index,tweet_created_at
1,1605101225.0
2,1605101251.0
3,1605101228.0
4,1605101224.0
5,1605101245.0
6,1605101242.0
7,1605101236.0
8,1605101235.0
9,1605101228.0
10,1605101221.0
11,1605101249.0
12,1605101237.0
13,1605101231.0
14,1605101224.0
15,1605101223.0
16,1605101254.0
17,1605101251.0
18,1605101248.0
19,1605101244.0
20,1605101219.0
21,1605101243.0
22,1605101243.0
23,1605101234.0
24,1605101230.0
25,1605101219.0
26,1605101217.0
27,1605101247.0
28,1605101248.0
29,1605101243.0
30,1605101243.0
31,1605101242.0
32,1605101242.0
33,1605101237.0
34,1605101236.0
35,1605101232.0
36,1605101229.0
37,1605101232.0
38,1605101224.0
39,1605101224.0
40,1605101254.0
41,1605101238.0
42,1605101222.0
43,1605101222.0
44,1605101237.0
45,1605101236.0
46,1605101233.0
47,1605101242.0
48,1605101240.0
49,1605101226.0
50,1605101238.0
51,1605101253.0
52,1605101214.0
53,1605101252.0
54,1605101251.0
55,1605101247.0
56,1605101222.0
57,1605101252.0
58,1605101229.0
59,1605101222.0
60,1605101221.0
61,1605101254.0
62,1605101232.0
63,1605101232.0
64,1605101225.0
65,1605101213.0
66,1605101207.0
67,1605101206.0
68,1605101204.0
69,1605101197.0
70,1605101196.0
71,1605101195.0
72,1605101184.0
73,1605101180.0
74,1605101203.0
75,1605101190.0
76,1605101186.0
77,1605101185.0
78,1605101183.0
79,1605101179.0
80,1605101177.0
81,1605101210.0
82,1605101200.0
83,1605101196.0
84,1605101195.0
85,1605101183.0
86,1605101213.0
87,1605101210.0
88,1605101204.0
89,1605101181.0
90,1605101176.0
91,1605101201.0
92,1605101183.0
93,1605101213.0
94,1605101187.0
95,1605101173.0
96,1605101202.0
97,1605101181.0
98,1605101179.0
99,1605101176.0
100,1605101173.0
101,1605101192.0
102,1605101195.0
103,1605101190.0
104,1605101183.0
105,1605101192.0
106,1605101186.0
107,1605101184.0
108,1605101199.0
109,1605101202.0
110,1605101183.0
111,1605101179.0
112,1605101179.0
113,1605101197.0
114,1605101190.0
115,1605101182.0
116,1605101180.0
117,1605101175.0
118,1605101211.0
119,1605101210.0
120,1605101208.0
121,1605101196.0
122,1605101193.0
123,1605101189.0
124,1605101179.0
125,1605101175.0
126,1605101189.0
127,1605101185.0
128,1605101173.0
129,1605101155.0
130,1605101154.0
131,1605101133.0
132,1605101125.0
133,1605101151.0
134,1605101146.0
135,1605101144.0
136,1605101165.0
137,1605101162.0
138,1605101160.0
139,1605101137.0
140,1605101152.0
141,1605101151.0
142,1605101144.0
143,1605101142.0
144,1605101135.0
145,1605101135.0
146,1605101134.0
147,1605101132.0
148,1605101170.0
149,1605101170.0
150,1605101169.0
151,1605101153.0
152,1605101153.0
153,1605101142.0
154,1605101150.0
155,1605101145.0
156,1605101132.0
157,1605101128.0
158,1605101170.0
159,1605101166.0
160,1605101163.0
161,1605101160.0
162,1605101158.0
163,1605101152.0
164,1605101132.0
165,1605101131.0
166,1605101128.0
167,1605101158.0
168,1605101157.0
169,1605101156.0
170,1605101169.0
171,1605101151.0
172,1605101149.0
173,1605101128.0
174,1605101156.0
175,1605101153.0
176,1605101148.0
177,1605101146.0
178,1605101140.0
179,1605101140.0
180,1605101140.0
181,1605101142.0
182,1605101136.0
183,1605101127.0
184,1605101163.0
185,1605101150.0
186,1605101145.0
187,1605101131.0
188,1605101161.0
189,1605101152.0
190,1605101142.0
191,1605101149.0
192,1605101127.0
193,1605101122.0
194,1605101112.0
195,1605101108.0
196,1605101108.0
197,1605101106.0
198,1605101099.0
199,1605101083.0
200,1605101272.0
201,1605101254.0
202,1605101244.0
203,1605101121.0
204,1605101117.0
205,1605101103.0
206,1605101086.0
207,1605101083.0
208,1605101280.0
209,1605101274.0
210,1605101267.0
211,1605101265.0
212,1605101260.0
213,1605101249.0
214,1605101232.0
215,1605101225.0
216,1605101123.0
217,1605101119.0
218,1605101112.0
219,1605101112.0
220,1605101107.0
221,1605101107.0
222,1605101105.0
223,1605101087.0
224,1605101082.0
225,1605101261.0
226,1605101253.0
227,1605101239.0
228,1605101238.0
229,1605101225.0
230,1605101115.0
231,1605101084.0
232,1605101259.0
233,1605101252.0
234,1605101243.0
235,1605101242.0
236,1605101239.0
237,1605101236.0
238,1605101113.0
239,1605101121.0
240,1605101111.0
241,1605101104.0
242,1605101094.0
243,1605101094.0
244,1605101093.0
245,1605101269.0
246,1605101258.0
247,1605101250.0
248,1605101242.0
249,1605101231.0
250,1605101225.0
251,1605101222.0
252,1605101117.0
253,1605101098.0
254,1605101264.0
255,1605101253.0
256,1605101246.0
257,1605101246.0
258,1605101231.0
259,1605101230.0
260,1605101109.0
261,1605101092.0
262,1605101104.0
263,1605101099.0
264,1605101088.0
265,1605101281.0
266,1605101278.0
267,1605101267.0
268,1605101266.0
269,1605101265.0
270,1605101248.0
271,1605101247.0
272,1605101246.0
273,1605101240.0
274,1605101231.0
275,1605101225.0
276,1605101221.0
277,1605101083.0
278,1605101083.0
279,1605101082.0
280,1605101079.0
281,1605101278.0
282,1605101271.0
283,1605101268.0
284,1605101254.0
285,1605101252.0
286,1605101241.0
287,1605101229.0
288,1605101123.0
289,1605101118.0
290,1605101100.0
291,1605101279.0
292,1605101265.0
293,1605101256.0
294,1605101249.0
295,1605101243.0
296,1605101233.0
297,1605101222.0
298,1605101124.0
299,1605101117.0
300,1605101122.0
301,1605101106.0
302,1605101098.0
303,1605101089.0
304,1605101080.0
305,1605101276.0
306,1605101274.0
307,1605101266.0
308,1605101259.0
309,1605101242.0
310,1605101242.0
311,1605101221.0
312,1605101116.0
313,1605101097.0
314,1605101090.0
315,1605101079.0
316,1605101274.0
317,1605101273.0
318,1605101269.0
319,1605101268.0
320,1605101262.0
321,1605101260.0
322,1605101253.0
323,1605101251.0
324,1605101250.0
325,1605101238.0
326,1605101237.0
327,1605101232.0
328,1605101121.0
329,1605101117.0
330,1605101081.0
331,1605101279.0
332,1605101262.0
333,1605101252.0
334,1605101237.0
335,1605101229.0
336,1605101115.0
337,1605101098.0
338,1605101085.0
339,1605101275.0
340,1605101265.0
341,1605101263.0
342,1605101251.0
343,1605101251.0
344,1605101248.0
345,1605101239.0
346,1605101225.0
347,1605101225.0
348,1605101224.0
349,1605101124.0
350,1605101097.0
351,1605101119.0
352,1605101110.0
353,1605101097.0
354,1605101096.0
355,1605101095.0
356,1605101087.0
357,1605101086.0
358,1605101085.0
359,1605101081.0
360,1605101277.0
361,1605101276.0
362,1605101274.0
363,1605101268.0
364,1605101263.0
365,1605101261.0
366,1605101244.0
367,1605101240.0
368,1605101095.0
369,1605101262.0
370,1605101254.0
371,1605101241.0
372,1605101230.0
373,1605101221.0
374,1605101125.0
375,1605101104.0
376,1605101091.0
377,1605101085.0
378,1605101084.0
379,1605101277.0
380,1605101274.0
381,1605101269.0
382,1605101258.0
383,1605101245.0
384,1605101241.0
385,1605101214.0
386,1605101213.0
387,1605101183.0
388,1605101177.0
389,1605101173.0
390,1605101159.0
391,1605101154.0
392,1605101147.0
393,1605101303.0
394,1605101206.0
395,1605101200.0
396,1605101200.0
397,1605101170.0
398,1605101148.0
399,1605101146.0
400,1605101143.0
401,1605101295.0
402,1605101284.0
403,1605101211.0
404,1605101220.0
405,1605101209.0
406,1605101213.0
407,1605101208.0
408,1605101205.0
409,1605101211.0
410,1605101195.0
411,1605101210.0
412,1605101194.0
413,1605101204.0
414,1605101174.0
415,1605101153.0
416,1605101179.0
417,1605101151.0
418,1605101178.0
419,1605101133.0
420,1605101158.0
421,1605101298.0
422,1605101155.0
423,1605101134.0
424,1605101292.0
425,1605101214.0
426,1605101218.0
427,1605101216.0
428,1605101209.0
429,1605101198.0
430,1605101192.0
431,1605101188.0
432,1605101187.0
433,1605101178.0
434,1605101172.0
435,1605101167.0
436,1605101163.0
437,1605101159.0
438,1605101153.0
439,1605101153.0
440,1605101143.0
441,1605101143.0
442,1605101142.0
443,1605101298.0
444,1605101292.0
445,1605101212.0
446,1605101192.0
447,1605101192.0
448,1605101170.0
449,1605101166.0
450,1605101157.0
451,1605101145.0
452,1605101144.0
453,1605101139.0
454,1605101137.0
455,1605101135.0
456,1605101133.0
457,1605101297.0
458,1605101293.0
459,1605101288.0
460,1605101208.0
461,1605101220.0
462,1605101202.0
463,1605101200.0
464,1605101198.0
465,1605101191.0
466,1605101173.0
467,1605101170.0
468,1605101168.0
469,1605101147.0
470,1605101192.0
471,1605101301.0
472,1605101172.0
473,1605101158.0
474,1605101155.0
475,1605101152.0
476,1605101133.0
477,1605101133.0
478,1605101292.0
479,1605101217.0
480,1605101211.0
481,1605101210.0
482,1605101202.0
483,1605101185.0
484,1605101176.0
485,1605101175.0
486,1605101172.0
487,1605101166.0
488,1605101165.0
489,1605101155.0
490,1605101145.0
491,1605101141.0
492,1605101301.0
493,1605101202.0
494,1605101191.0
495,1605101176.0
496,1605101169.0
497,1605101156.0
498,1605101155.0
499,1605101140.0
500,1605101138.0
501,1605101137.0
502,1605101135.0
503,1605101131.0
504,1605101303.0
505,1605101298.0
506,1605101215.0
507,1605101212.0
508,1605101206.0
509,1605101193.0
510,1605101192.0
511,1605101185.0
512,1605101156.0
513,1605101152.0
514,1605101145.0
515,1605101132.0
516,1605101296.0
517,1605101284.0
518,1605101205.0
519,1605101179.0
520,1605101176.0
521,1605101159.0
522,1605101142.0
523,1605101132.0
524,1605101302.0
525,1605101297.0
526,1605101296.0
527,1605101206.0
528,1605101196.0
529,1605101181.0
530,1605101170.0
531,1605101167.0
532,1605101166.0
533,1605101149.0
534,1605101135.0
535,1605101301.0
536,1605101300.0
537,1605101300.0
538,1605101298.0
539,1605101289.0
540,1605101184.0
541,1605101176.0
542,1605101166.0
543,1605101154.0
544,1605101144.0
545,1605101290.0
546,1605101288.0
547,1605101211.0
548,1605101216.0
549,1605101210.0
550,1605101199.0
551,1605101195.0
552,1605101192.0
553,1605101173.0
554,1605101169.0
555,1605101163.0
556,1605101154.0
557,1605101137.0
558,1605101302.0
559,1605101300.0
560,1605101293.0
561,1605101213.0
562,1605101211.0
563,1605101193.0
564,1605101192.0
565,1605101181.0
566,1605101168.0
567,1605101167.0
568,1605101144.0
569,1605101138.0
570,1605101136.0
571,1605101300.0
572,1605101298.0
573,1605101297.0
574,1605101297.0
575,1605101293.0
576,1605101287.0
577,1605101284.0
578,1605101283.0
579,1605101226.0
580,1605101281.0
581,1605101225.0
582,1605101279.0
583,1605101225.0
584,1605101271.0
585,1605101225.0
586,1605101270.0
587,1605101224.0
588,1605101262.0
589,1605101213.0
590,1605101245.0
591,1605101209.0
592,1605101242.0
593,1605101208.0
594,1605101238.0
595,1605101208.0
596,1605101234.0
597,1605101200.0
598,1605101234.0
599,1605101198.0
600,1605101233.0
601,1605101180.0
602,1605101230.0
603,1605101180.0
604,1605101167.0
605,1605101154.0
606,1605101224.0
607,1605101154.0
608,1605101211.0
609,1605101305.0
610,1605101201.0
611,1605101277.0
612,1605101200.0
613,1605101277.0
614,1605101192.0
615,1605101271.0
616,1605101176.0
617,1605101255.0
618,1605101161.0
619,1605101233.0
620,1605101269.0
621,1605101216.0
622,1605101192.0
623,1605101176.0
624,1605101181.0
625,1605101151.0
626,1605101162.0
627,1605101143.0
628,1605101137.0
629,1605101131.0
630,1605101080.0
631,1605101095.0
632,1605101072.0
633,1605101037.0
634,1605101283.0
635,1605101250.0
636,1605101238.0
637,1605101238.0
638,1605101233.0
639,1605101223.0
640,1605101213.0
641,1605101202.0
642,1605101273.0
643,1605101201.0
644,1605101235.0
645,1605101188.0
646,1605101187.0
647,1605101185.0
648,1605101227.0
649,1605101174.0
650,1605101171.0
651,1605101216.0
652,1605101168.0
653,1605101196.0
654,1605101164.0
655,1605101191.0
656,1605101162.0
657,1605101187.0
658,1605101275.0
659,1605101182.0
660,1605101246.0
661,1605101159.0
662,1605101128.0
663,1605101251.0
664,1605101051.0
665,1605101237.0
666,1605101166.0
667,1605101058.0
668,1605101284.0
669,1605101283.0
670,1605101277.0
671,1605101272.0
672,1605101261.0
673,1605101251.0
674,1605101236.0
675,1605101229.0
676,1605101222.0
677,1605101212.0
678,1605101211.0
679,1605101210.0
680,1605101208.0
681,1605101196.0
682,1605101179.0
683,1605101157.0
684,1605101194.0
685,1605101184.0
686,1605101133.0
687,1605101104.0
688,1605101279.0
689,1605101253.0
690,1605101248.0
691,1605101238.0
692,1605101233.0
693,1605101229.0
694,1605101224.0
695,1605101221.0
696,1605101219.0
697,1605101212.0
698,1605101209.0
699,1605101191.0
700,1605101178.0
701,1605101164.0
702,1605101319.0
703,1605101178.0
704,1605101154.0
705,1605101102.0
706,1605101277.0
707,1605101283.0
708,1605101283.0
709,1605101262.0
710,1605101256.0
711,1605101254.0
712,1605101243.0
713,1605101271.0
714,1605101239.0
715,1605101241.0
716,1605101234.0
717,1605101229.0
718,1605101220.0
719,1605101223.0
720,1605101209.0
721,1605101208.0
722,1605101198.0
723,1605101208.0
724,1605101197.0
725,1605101199.0
726,1605101161.0
727,1605101187.0
728,1605101159.0
729,1605101174.0
730,1605101234.0
731,1605101164.0
732,1605101161.0
733,1605101106.0
734,1605101157.0
735,1605101103.0
736,1605101154.0
737,1605101207.0
738,1605101181.0
739,1605101169.0
740,1605101103.0
741,1605101043.0
742,1605101282.0
743,1605101252.0
744,1605101242.0
745,1605101238.0
746,1605101210.0
747,1605101186.0
748,1605101178.0
749,1605101161.0
750,1605101232.0
751,1605101220.0
752,1605101276.0
753,1605101268.0
754,1605101274.0
755,1605101268.0
756,1605101266.0
757,1605101258.0
758,1605101234.0
759,1605101233.0
760,1605101232.0
761,1605101221.0
762,1605101220.0
763,1605101198.0
764,1605101196.0
765,1605101173.0
766,1605101171.0
767,1605101163.0
768,1605101163.0
769,1605101155.0
770,1605101254.0
771,1605101252.0
772,1605101188.0
773,1605101092.0
774,1605101072.0
775,1605101255.0
776,1605101254.0
777,1605101252.0
778,1605101215.0
779,1605101214.0
780,1605101212.0
781,1605101206.0
782,1605101193.0
783,1605101187.0
784,1605101182.0
785,1605101170.0
786,1605101163.0
787,1605101158.0
788,1605101156.0
789,1605101303.0
790,1605101300.0
791,1605101206.0
792,1605101099.0
793,1605101276.0
794,1605101284.0
795,1605101271.0
796,1605101259.0
797,1605101252.0
798,1605101238.0
799,1605101226.0
800,1605101213.0
801,1605101211.0
802,1605101190.0
803,1605101167.0
804,1605101163.0
805,1605101290.0
806,1605101285.0
807,1605101258.0
808,1605101141.0
809,1605101079.0
810,1605101276.0
811,1605101264.0
812,1605101258.0
813,1605101253.0
814,1605101233.0
815,1605101231.0
816,1605101218.0
817,1605101206.0
818,1605101204.0
819,1605101196.0
820,1605101193.0
821,1605101186.0
822,1605101184.0
823,1605101177.0
824,1605101175.0
825,1605101170.0
826,1605101165.0
827,1605101162.0
828,1605101301.0
829,1605101295.0
830,1605101280.0
831,1605101276.0
832,1605101223.0
833,1605101173.0
834,1605101108.0
835,1605101107.0
836,1605101100.0
837,1605101090.0
838,1605101263.0
839,1605101241.0
840,1605101229.0
841,1605101221.0
842,1605101210.0
843,1605101205.0
844,1605101198.0
845,1605101191.0
846,1605101187.0
847,1605101178.0
848,1605101176.0
849,1605101261.0
850,1605101237.0
851,1605101214.0
852,1605101108.0
853,1605101105.0
854,1605101282.0
855,1605101274.0
856,1605101274.0
857,1605101259.0
858,1605101253.0
859,1605101251.0
860,1605101244.0
861,1605101240.0
862,1605101237.0
863,1605101234.0
864,1605101233.0
865,1605101230.0
866,1605101216.0
867,1605101214.0
868,1605101209.0
869,1605101201.0
870,1605101192.0
871,1605101187.0
872,1605101179.0
873,1605101162.0
874,1605101161.0
875,1605101154.0
876,1605101154.0
877,1605101275.0
878,1605101119.0
879,1605101111.0
880,1605101284.0
881,1605101282.0
882,1605101281.0
883,1605101275.0
884,1605101271.0
885,1605101238.0
886,1605101237.0
887,1605101217.0
888,1605101201.0
889,1605101279.0
890,1605101226.0
891,1605101156.0
892,1605101138.0
893,1605101118.0
894,1605101104.0
895,1605101063.0
896,1605101051.0
897,1605100939.0
898,1605101024.0
899,1605100865.0
900,1605100711.0
901,1605100598.0
902,1605100550.0
903,1605100526.0
904,1605100521.0
905,1605100442.0
906,1605100332.0
907,1605100326.0
908,1605101349.0
909,1605101345.0
910,1605101337.0
911,1605101267.0
912,1605101230.0
913,1605101224.0
914,1605101223.0
915,1605101184.0
916,1605101176.0
917,1605101128.0
918,1605101108.0
919,1605101089.0
920,1605100849.0
921,1605100815.0
922,1605100755.0
923,1605100706.0
924,1605100602.0
925,1605100483.0
926,1605100439.0
927,1605100426.0
928,1605100421.0
929,1605100346.0
930,1605100320.0
931,1605101338.0
932,1605101336.0
933,1605101317.0
934,1605101244.0
935,1605101238.0
936,1605101232.0
937,1605101181.0
938,1605101152.0
939,1605101141.0
940,1605101071.0
941,1605100960.0
942,1605100990.0
943,1605100960.0
944,1605100905.0
945,1605100833.0
946,1605100819.0
947,1605100812.0
948,1605100634.0
949,1605100582.0
950,1605100542.0
951,1605100503.0
952,1605100403.0
953,1605100341.0
954,1605100312.0
955,1605101347.0
956,1605101346.0
957,1605101337.0
958,1605101336.0
959,1605101331.0
960,1605101318.0
961,1605101246.0
962,1605101245.0
963,1605101213.0
964,1605101207.0
965,1605101189.0
966,1605101171.0
967,1605101067.0
968,1605101064.0
969,1605101054.0
970,1605100974.0
971,1605100773.0
972,1605100721.0
973,1605100688.0
974,1605100653.0
975,1605100647.0
976,1605100571.0
977,1605100495.0
978,1605100434.0
979,1605100432.0
980,1605100363.0
981,1605101326.0
982,1605101323.0
983,1605101320.0
984,1605101318.0
985,1605101307.0
986,1605101288.0
987,1605101281.0
988,1605101260.0
989,1605101256.0
990,1605101220.0
991,1605101192.0
992,1605101187.0
993,1605101100.0
994,1605101077.0
995,1605101069.0
996,1605101063.0
997,1605101001.0
998,1605100960.0
999,1605100907.0
1000,1605100884.0
1001,1605100870.0
1002,1605100860.0
1003,1605100850.0
1004,1605100803.0
1005,1605100742.0
1006,1605100708.0
1007,1605100646.0
1008,1605100531.0
1009,1605100479.0
1010,1605100399.0
1011,1605100395.0
1012,1605101291.0
1013,1605101238.0
1014,1605101195.0
1015,1605101119.0
1016,1605101117.0
1017,1605101059.0
1018,1605101055.0
1019,1605101052.0
1020,1605100985.0
1021,1605100820.0
1022,1605100807.0
1023,1605100801.0
1024,1605100696.0
1025,1605100682.0
1026,1605100650.0
1027,1605100624.0
1028,1605100616.0
1029,1605100565.0
1030,1605100505.0
1031,1605100443.0
1032,1605100440.0
1033,1605100438.0
1034,1605100368.0
1035,1605101350.0
1036,1605101314.0
1037,1605101276.0
1038,1605101274.0
1039,1605101268.0
1040,1605101259.0
1041,1605101226.0
1042,1605101213.0
1043,1605101198.0
1044,1605101197.0
1045,1605101181.0
1046,1605101179.0
1047,1605101137.0
1048,1605101137.0
1049,1605101136.0
1050,1605101120.0
1051,1605101092.0
1052,1605101067.0
1053,1605101007.0
1054,1605100876.0
1055,1605100829.0
1056,1605100801.0
1057,1605100790.0
1058,1605100700.0
1059,1605100521.0
1060,1605100439.0
1061,1605101333.0
1062,1605101319.0
1063,1605101285.0
1064,1605101284.0
1065,1605101275.0
1066,1605101269.0
1067,1605101236.0
1068,1605101212.0
1069,1605101162.0
1070,1605101140.0
1071,1605101127.0
1072,1605101091.0
1073,1605101004.0
1074,1605100990.0
1075,1605100976.0
1076,1605100967.0
1077,1605100873.0
1078,1605100754.0
1079,1605100710.0
1080,1605100605.0
1081,1605100576.0
1082,1605100574.0
1083,1605100556.0
1084,1605100504.0
1085,1605101294.0
1086,1605101282.0
1087,1605101236.0
1088,1605101191.0
1089,1605101168.0
1090,1605101133.0
1091,1605101118.0
1092,1605101109.0
1093,1605101065.0
1094,1605101061.0
1095,1605101057.0
1096,1605100983.0
1097,1605100973.0
1098,1605100856.0
1099,1605100720.0
1100,1605100665.0
1101,1605100579.0
1102,1605100516.0
1103,1605100506.0
1104,1605100443.0
1105,1605100378.0
1106,1605100360.0
1107,1605100342.0
1108,1605101318.0
1109,1605101286.0
1110,1605101267.0
1111,1605101231.0
1112,1605101220.0
1113,1605101159.0
1114,1605101139.0
1115,1605101109.0
1116,1605101061.0
1117,1605100821.0
1118,1605100693.0
1119,1605100580.0
1120,1605100561.0
1121,1605100523.0
1122,1605100517.0
1123,1605100391.0
1124,1605101306.0
1125,1605101285.0
1126,1605101267.0
1127,1605101214.0
1128,1605101207.0
1129,1605101199.0
1130,1605101142.0
1131,1605101137.0
1132,1605101122.0
1133,1605101087.0
1134,1605100993.0
1135,1605101013.0
1136,1605100993.0
1137,1605100983.0
1138,1605100926.0
1139,1605100834.0
1140,1605100751.0
1141,1605100687.0
1142,1605100524.0
1143,1605100444.0
1144,1605100314.0
1145,1605101350.0
1146,1605101343.0
1147,1605101329.0
1148,1605101324.0
1149,1605101264.0
1150,1605101258.0
1151,1605101255.0
1152,1605101246.0
1153,1605101238.0
1154,1605101221.0
1155,1605101207.0
1156,1605101204.0
1157,1605101082.0
1158,1605101082.0
1159,1605101065.0
1160,1605101061.0
1161,1605101008.0
1162,1605100994.0
1163,1605100987.0
1164,1605100971.0
1165,1605100924.0
1166,1605100853.0
1167,1605100771.0
1168,1605100762.0
1169,1605100759.0
1170,1605100654.0
1171,1605100497.0
1172,1605100364.0
1173,1605101331.0
1174,1605101304.0
1175,1605101286.0
1176,1605101196.0
1177,1605101190.0
1178,1605101174.0
1179,1605101168.0
1180,1605101147.0
1181,1605101145.0
1182,1605101091.0
1183,1605100935.0
1184,1605100867.0
1185,1605100882.0
1186,1605100839.0
1187,1605100832.0
1188,1605100786.0
1189,1605100642.0
1190,1605100438.0
1191,1605100392.0
1192,1605100357.0
1193,1605100312.0
1194,1605101347.0
1195,1605101342.0
1196,1605101339.0
1197,1605101322.0
1198,1605101315.0
1199,1605101248.0
1200,1605101240.0
1201,1605101236.0
1202,1605101219.0
1203,1605101214.0
1204,1605101202.0
1205,1605101193.0
1206,1605101176.0
1207,1605101115.0
1208,1605101106.0
1209,1605101067.0
1210,1605100847.0
1211,1605100726.0
1212,1605100571.0
1213,1605100566.0
1214,1605100516.0
1215,1605100513.0
1216,1605100506.0
1217,1605100450.0
1218,1605100448.0
1219,1605100444.0
1220,1605100419.0
1221,1605100326.0
1222,1605100302.0
1223,1605101352.0
1224,1605101295.0
1225,1605101276.0
1226,1605101271.0
1227,1605101197.0
1228,1605101160.0
1229,1605101148.0
1230,1605101119.0
1231,1605101112.0
1232,1605101083.0
1233,1605101067.0
1234,1605100810.0
1235,1605101000.0
1236,1605100803.0
1237,1605100792.0
1238,1605100673.0
1239,1605100572.0
1240,1605100523.0
1241,1605100505.0
1242,1605100440.0
1243,1605101307.0
1244,1605101292.0
1245,1605101289.0
1246,1605101282.0
1247,1605101258.0
1248,1605101250.0
1249,1605101234.0
1250,1605101175.0
1251,1605101157.0
1252,1605101094.0
1253,1605100905.0
1254,1605100855.0
1255,1605100840.0
1256,1605100829.0
1257,1605100793.0
1258,1605100744.0
1259,1605100721.0
1260,1605100708.0
1261,1605100561.0
1262,1605100510.0
1263,1605100501.0
1264,1605100498.0
1265,1605101333.0
1266,1605101332.0
1267,1605101329.0
1268,1605101318.0
1269,1605101301.0
1270,1605101299.0
1271,1605101285.0
1272,1605101283.0
1273,1605101279.0
1274,1605101239.0
1275,1605101206.0
1276,1605101167.0
1277,1605101166.0
1278,1605101162.0
1279,1605101153.0
1280,1605101147.0
1281,1605101026.0
1282,1605101025.0
1283,1605101357.0
1284,1605101010.0
1285,1605101295.0
1286,1605100947.0
1287,1605101294.0
1288,1605100941.0
1289,1605101272.0
1290,1605100924.0
1291,1605101261.0
1292,1605101356.0
1293,1605101247.0
1294,1605101344.0
1295,1605101212.0
1296,1605101339.0
1297,1605101206.0
1298,1605101319.0
1299,1605101200.0
1300,1605101291.0
1301,1605101182.0
1302,1605101166.0
1303,1605101280.0
1304,1605101152.0
1305,1605101146.0
1306,1605101277.0
1307,1605101136.0
1308,1605101254.0
1309,1605101127.0
1310,1605101253.0
1311,1605101117.0
1312,1605101226.0
1313,1605101076.0
1314,1605101170.0
1315,1605101069.0
1316,1605101155.0
1317,1605101050.0
1318,1605101133.0
1319,1605101043.0
1320,1605101125.0
1321,1605101042.0
1322,1605101114.0
1323,1605101037.0
1324,1605101110.0
1325,1605101347.0
1326,1605101104.0
1327,1605101340.0
1328,1605101102.0
1329,1605101311.0
1330,1605101091.0
1331,1605101300.0
1332,1605101400.0
1333,1605101300.0
1334,1605101375.0
1335,1605101271.0
1336,1605101357.0
1337,1605101256.0
1338,1605101222.0
1339,1605101348.0
1340,1605101195.0
1341,1605101312.0
1342,1605101176.0
1343,1605101307.0
1344,1605101167.0
1345,1605101301.0
1346,1605101160.0
1347,1605101268.0
1348,1605101140.0
1349,1605101242.0
1350,1605101422.0
1351,1605101222.0
1352,1605101415.0
1353,1605101216.0
1354,1605101413.0
1355,1605101210.0
1356,1605101412.0
1357,1605101207.0
1358,1605101412.0
1359,1605101201.0
1360,1605101405.0
1361,1605101192.0
1362,1605101397.0
1363,1605101186.0
1364,1605101396.0
1365,1605101163.0
1366,1605101388.0
1367,1605101149.0
1368,1605101386.0
1369,1605101420.0
1370,1605101374.0
1371,1605101418.0
1372,1605101374.0
1373,1605101417.0
1374,1605101364.0
1375,1605101416.0
1376,1605101364.0
1377,1605101401.0
1378,1605101354.0
1379,1605101396.0
1380,1605101353.0
1381,1605101386.0
1382,1605101349.0
1383,1605101385.0
1384,1605101340.0
1385,1605101376.0
1386,1605101332.0
1387,1605101375.0
1388,1605101331.0
1389,1605101373.0
1390,1605101321.0
1391,1605101371.0
1392,1605101364.0
1393,1605101337.0
1394,1605101336.0
1395,1605101333.0
1396,1605101330.0
1397,1605101329.0
1398,1605101316.0
1399,1605101313.0
1400,1605101306.0
1401,1605101306.0
1402,1605101050.0
1403,1605100998.0
1404,1605101001.0
1405,1605100982.0
1406,1605101360.0
1407,1605101339.0
1408,1605101337.0
1409,1605101332.0
1410,1605101283.0
1411,1605101275.0
1412,1605101274.0
1413,1605101269.0
1414,1605101263.0
1415,1605101256.0
1416,1605101254.0
1417,1605101247.0
1418,1605101199.0
1419,1605101190.0
1420,1605101156.0
1421,1605101127.0
1422,1605101124.0
1423,1605101112.0
1424,1605101108.0
1425,1605101103.0
1426,1605101097.0
1427,1605101062.0
1428,1605101054.0
1429,1605101053.0
1430,1605101381.0
1431,1605101341.0
1432,1605101329.0
1433,1605101281.0
1434,1605101271.0
1435,1605101270.0
1436,1605101269.0
1437,1605101268.0
1438,1605101252.0
1439,1605101177.0
1440,1605101163.0
1441,1605101150.0
1442,1605101422.0
1443,1605101421.0
1444,1605101407.0
1445,1605101400.0
1446,1605101398.0
1447,1605101388.0
1448,1605101383.0
1449,1605101372.0
1450,1605101361.0
1451,1605101350.0
1452,1605101346.0
1453,1605101343.0
1454,1605101341.0
1455,1605101340.0
1456,1605101334.0
1457,1605101327.0
1458,1605101314.0
1459,1605100934.0
1460,1605100921.0
1461,1605101359.0
1462,1605101358.0
1463,1605101346.0
1464,1605101340.0
1465,1605101336.0
1466,1605101307.0
1467,1605101300.0
1468,1605101273.0
1469,1605101192.0
1470,1605101190.0
1471,1605101141.0
1472,1605101140.0
1473,1605101131.0
1474,1605101110.0
1475,1605101071.0
1476,1605101062.0
1477,1605101029.0
1478,1605101385.0
1479,1605101371.0
1480,1605101360.0
1481,1605101340.0
1482,1605101309.0
1483,1605101301.0
1484,1605101294.0
1485,1605101291.0
1486,1605101288.0
1487,1605101287.0
1488,1605101251.0
1489,1605101249.0
1490,1605101247.0
1491,1605101238.0
1492,1605101236.0
1493,1605101209.0
1494,1605101200.0
1495,1605101187.0
1496,1605101167.0
1497,1605101149.0
1498,1605101147.0
1499,1605101402.0
1500,1605101389.0
1501,1605101379.0
1502,1605101358.0
1503,1605101352.0
1504,1605101349.0
1505,1605101345.0
1506,1605101344.0
1507,1605101338.0
1508,1605101336.0
1509,1605101333.0
1510,1605101327.0
1511,1605101319.0
1512,1605101315.0
1513,1605101311.0
1514,1605101310.0
1515,1605101302.0
1516,1605101300.0
1517,1605101047.0
1518,1605100938.0
1519,1605100921.0
1520,1605100916.0
1521,1605101368.0
1522,1605101366.0
1523,1605101310.0
1524,1605101266.0
1525,1605101241.0
1526,1605101234.0
1527,1605101213.0
1528,1605101193.0
1529,1605101189.0
1530,1605100995.0
1531,1605101177.0
1532,1605100994.0
1533,1605101372.0
1534,1605101140.0
1535,1605101341.0
1536,1605101137.0
1537,1605101304.0
1538,1605101273.0
1539,1605101099.0
1540,1605101269.0
1541,1605101081.0
1542,1605101261.0
1543,1605101069.0
1544,1605101240.0
1545,1605101043.0
1546,1605101181.0
1547,1605101040.0
1548,1605101175.0
1549,1605101401.0
1550,1605101136.0
1551,1605101386.0
1552,1605101130.0
1553,1605101367.0
1554,1605101130.0
1555,1605101365.0
1556,1605101394.0
1557,1605101296.0
1558,1605101318.0
1559,1605101292.0
1560,1605101300.0
1561,1605101287.0
1562,1605101293.0
1563,1605101236.0
1564,1605101292.0
1565,1605101209.0
1566,1605101204.0
1567,1605101292.0
1568,1605101159.0
1569,1605101262.0
1570,1605101146.0
1571,1605101231.0
1572,1605101414.0
1573,1605101209.0
1574,1605101414.0
1575,1605101199.0
1576,1605101409.0
1577,1605101170.0
1578,1605101406.0
1579,1605101164.0
1580,1605101402.0
1581,1605101423.0
1582,1605101397.0
1583,1605101412.0
1584,1605101370.0
1585,1605101410.0
1586,1605101363.0
1587,1605101404.0
1588,1605101355.0
1589,1605101398.0
1590,1605101352.0
1591,1605101383.0
1592,1605101332.0
1593,1605101382.0
1594,1605101309.0
1595,1605101380.0
1596,1605101307.0
1597,1605101363.0
1598,1605101356.0
1599,1605101348.0
1600,1605101337.0
1601,1605101333.0
1602,1605101307.0
1603,1605101005.0
1604,1605101044.0
1605,1605100980.0
1606,1605101012.0
1607,1605100937.0
1608,1605101009.0
1609,1605101362.0
1610,1605101002.0
1611,1605101309.0
1612,1605100981.0
1613,1605101291.0
1614,1605101371.0
1615,1605101291.0
1616,1605101367.0
1617,1605101284.0
1618,1605101340.0
1619,1605101251.0
1620,1605101336.0
1621,1605101132.0
1622,1605101315.0
1623,1605101069.0
1624,1605101310.0
1625,1605101069.0
1626,1605101287.0
1627,1605101391.0
1628,1605101269.0
1629,1605101386.0
1630,1605101258.0
1631,1605101382.0
1632,1605101242.0
1633,1605101376.0
1634,1605101233.0
1635,1605101376.0
1636,1605101224.0
1637,1605101344.0
1638,1605101209.0
1639,1605101322.0
1640,1605101198.0
1641,1605101306.0
1642,1605101134.0
1643,1605101292.0
1644,1605101122.0
1645,1605101262.0
1646,1605101058.0
1647,1605101262.0
1648,1605101038.0
1649,1605101249.0
1650,1605101036.0
1651,1605101241.0
1652,1605101391.0
1653,1605101238.0
1654,1605101379.0
1655,1605101236.0
1656,1605101377.0
1657,1605101234.0
1658,1605101359.0
1659,1605101220.0
1660,1605101353.0
1661,1605101213.0
1662,1605101200.0
1663,1605101338.0
1664,1605101199.0
1665,1605101335.0
1666,1605101192.0
1667,1605101329.0
1668,1605101184.0
1669,1605101178.0
1670,1605101176.0
1671,1605101319.0
1672,1605101173.0
1673,1605101300.0
1674,1605101164.0
1675,1605101282.0
1676,1605101149.0
1677,1605101260.0
1678,1605101148.0
1679,1605101245.0
1680,1605101417.0
1681,1605101243.0
1682,1605101409.0
1683,1605101236.0
1684,1605101392.0
1685,1605101226.0
1686,1605101392.0
1687,1605101174.0
1688,1605101390.0
1689,1605101169.0
1690,1605101390.0
1691,1605101420.0
1692,1605101382.0
1693,1605101419.0
1694,1605101374.0
1695,1605101411.0
1696,1605101374.0
1697,1605101407.0
1698,1605101366.0
1699,1605101400.0
1700,1605101362.0
1701,1605101392.0
1702,1605101361.0
1703,1605101372.0
1704,1605101344.0
1705,1605101370.0
1706,1605101343.0
1707,1605101369.0
1708,1605101342.0
1709,1605101354.0
1710,1605101336.0
1711,1605101350.0
1712,1605101334.0
1713,1605101348.0
1714,1605101329.0
1715,1605101338.0
1716,1605101328.0
1717,1605101335.0
1718,1605101326.0
1719,1605101329.0
1720,1605101316.0
1721,1605101326.0
1722,1605101325.0
1723,1605101323.0
1724,1605101316.0
1725,1605101310.0
1726,1605101303.0
1727,1605101020.0
1728,1605101029.0
1729,1605100963.0
1730,1605100935.0
1731,1605101360.0
1732,1605101351.0
1733,1605101349.0
1734,1605101330.0
1735,1605101303.0
1736,1605101295.0
1737,1605101265.0
1738,1605101240.0
1739,1605101216.0
1740,1605101195.0
1741,1605101192.0
1742,1605101192.0
1743,1605101117.0
1744,1605101106.0
1745,1605101095.0
1746,1605101088.0
1747,1605101088.0
1748,1605101084.0
1749,1605101061.0
1750,1605101038.0
1751,1605101359.0
1752,1605101341.0
1753,1605101306.0
1754,1605101283.0
1755,1605101272.0
1756,1605101259.0
1757,1605101243.0
1758,1605101210.0
1759,1605101205.0
1760,1605101193.0
1761,1605101179.0
1762,1605101167.0
1763,1605101419.0
1764,1605101414.0
1765,1605101413.0
1766,1605101401.0
1767,1605101400.0
1768,1605101385.0
1769,1605101379.0
1770,1605101379.0
1771,1605101370.0
1772,1605101358.0
1773,1605101348.0
1774,1605101348.0
1775,1605101344.0
1776,1605101314.0
1777,1605101306.0
1778,1605100991.0
1779,1605100984.0
1780,1605100981.0
1781,1605100909.0
1782,1605101354.0
1783,1605101351.0
1784,1605101346.0
1785,1605101343.0
1786,1605101341.0
1787,1605101330.0
1788,1605101323.0
1789,1605101317.0
1790,1605101307.0
1791,1605101299.0
1792,1605101258.0
1793,1605101248.0
1794,1605101237.0
1795,1605101236.0
1796,1605101224.0
1797,1605101206.0
1798,1605101189.0
1799,1605101179.0
1800,1605101178.0
1801,1605101168.0
1802,1605101144.0
1803,1605101141.0
1804,1605101134.0
1805,1605101097.0
1806,1605101025.0
1807,1605101400.0
1808,1605101380.0
1809,1605101308.0
1810,1605101305.0
1811,1605101303.0
1812,1605101287.0
1813,1605101286.0
1814,1605101283.0
1815,1605101280.0
1816,1605101277.0
1817,1605101274.0
1818,1605101266.0
1819,1605101250.0
1820,1605101233.0
1821,1605101222.0
1822,1605101213.0
1823,1605101181.0
1824,1605101174.0
1825,1605101171.0
1826,1605101169.0
1827,1605101146.0
1828,1605101422.0
1829,1605101408.0
1830,1605101406.0
1831,1605101398.0
1832,1605101366.0
1833,1605101353.0
1834,1605101350.0
1835,1605101347.0
1836,1605101342.0
1837,1605101336.0
1838,1605101330.0
1839,1605101044.0
1840,1605100982.0
1841,1605100907.0
1842,1605101352.0
1843,1605101339.0
1844,1605101284.0
1845,1605101214.0
1846,1605101129.0
1847,1605101093.0
1848,1605101042.0
1849,1605101379.0
1850,1605101316.0
1851,1605101308.0
1852,1605101304.0
1853,1605101284.0
1854,1605101239.0
1855,1605101209.0
1856,1605101199.0
1857,1605101190.0
1858,1605101187.0
1859,1605101185.0
1860,1605101175.0
1861,1605101173.0
1862,1605101161.0
1863,1605101147.0
1864,1605101416.0
1865,1605101413.0
1866,1605101407.0
1867,1605101406.0
1868,1605101401.0
1869,1605101400.0
1870,1605101385.0
1871,1605101365.0
1872,1605101360.0
1873,1605101358.0
1874,1605101353.0
1875,1605101346.0
1876,1605101338.0
1877,1605101325.0
1878,1605101316.0
1879,1605101315.0
1880,1605101303.0
1881,1605101037.0
1882,1605100952.0
1883,1605100949.0
1884,1605100914.0
1885,1605100903.0
1886,1605101348.0
1887,1605101344.0
1888,1605101285.0
1889,1605101275.0
1890,1605101271.0
1891,1605101221.0
1892,1605101192.0
1893,1605101180.0
1894,1605101154.0
1895,1605101133.0
1896,1605101131.0
1897,1605101129.0
1898,1605101117.0
1899,1605101081.0
1900,1605101071.0
1901,1605101389.0
1902,1605101336.0
1903,1605101321.0
1904,1605101316.0
1905,1605101301.0
1906,1605101291.0
1907,1605101277.0
1908,1605101270.0
1909,1605101257.0
1910,1605101237.0
1911,1605101233.0
1912,1605101226.0
1913,1605101208.0
1914,1605101206.0
1915,1605101184.0
1916,1605101166.0
1917,1605101145.0
1918,1605101140.0
1919,1605101420.0
1920,1605101415.0
1921,1605101414.0
1922,1605101408.0
1923,1605101398.0
1924,1605101382.0
1925,1605101374.0
1926,1605101373.0
1927,1605101361.0
1928,1605101360.0
1929,1605101360.0
1930,1605101353.0
1931,1605101337.0
1932,1605101335.0
1933,1605101325.0
1934,1605101311.0
1935,1605101044.0
1936,1605101038.0
1937,1605101020.0
1938,1605100981.0
1939,1605100955.0
1940,1605100933.0
1941,1605100907.0
1942,1605101374.0
1943,1605101363.0
1944,1605101345.0
1945,1605101319.0
1946,1605101258.0
1947,1605101236.0
1948,1605101235.0
1949,1605101226.0
1950,1605101175.0
1951,1605101162.0
1952,1605101147.0
1953,1605101146.0
1954,1605101145.0
1955,1605101132.0
1956,1605101111.0
1957,1605101054.0
1958,1605101038.0
1959,1605101393.0
1960,1605101389.0
1961,1605101386.0
1962,1605101376.0
1963,1605101348.0
1964,1605101334.0
1965,1605101331.0
1966,1605101329.0
1967,1605101321.0
1968,1605101298.0
1969,1605101280.0
1970,1605101270.0
1971,1605101235.0
1972,1605101219.0
1973,1605101211.0
1974,1605101197.0
1975,1605101188.0
1976,1605101187.0
1977,1605101172.0
1978,1605101167.0
1979,1605101151.0
1980,1605101148.0
1981,1605101424.0
1982,1605101423.0
1983,1605101422.0
1984,1605101416.0
1985,1605101415.0
1986,1605101408.0
1987,1605101402.0
1988,1605101402.0
1989,1605101386.0
1990,1605101352.0
1991,1605101351.0
1992,1605101337.0
1993,1605101333.0
1994,1605101333.0
1995,1605101331.0
1996,1605101330.0
1997,1605101320.0
1998,1605101308.0
1999,1605101308.0
2000,1605101044.0
2001,1605100991.0
2002,1605100986.0
2003,1605100980.0
2004,1605100975.0
2005,1605100938.0
2006,1605100918.0
2007,1605101374.0
2008,1605101342.0
2009,1605101311.0
2010,1605101295.0
2011,1605101288.0
2012,1605101244.0
2013,1605101243.0
2014,1605101223.0
2015,1605101188.0
2016,1605101186.0
2017,1605101163.0
2018,1605101141.0
2019,1605101127.0
2020,1605101111.0
2021,1605101104.0
2022,1605101074.0
2023,1605101066.0
2024,1605101066.0
2025,1605101045.0
2026,1605101392.0
2027,1605101383.0
2028,1605101380.0
2029,1605101366.0
2030,1605101363.0
2031,1605101342.0
2032,1605101301.0
2033,1605101300.0
2034,1605101283.0
2035,1605101276.0
2036,1605101273.0
2037,1605101267.0
2038,1605101260.0
2039,1605101244.0
2040,1605101244.0
2041,1605101241.0
2042,1605101234.0
2043,1605101202.0
2044,1605101193.0
2045,1605101192.0
2046,1605101182.0
2047,1605101174.0
2048,1605101151.0
2049,1605101411.0
2050,1605101392.0
2051,1605101390.0
2052,1605101377.0
2053,1605101375.0
2054,1605101373.0
2055,1605101373.0
2056,1605101368.0
2057,1605101350.0
2058,1605101346.0
2059,1605101345.0
2060,1605101339.0
2061,1605101324.0
2062,1605101322.0
2063,1605101317.0
2064,1605101308.0
2065,1605101046.0
2066,1605101044.0
2067,1605101031.0
2068,1605101030.0
2069,1605101016.0
2070,1605100985.0
2071,1605100922.0
2072,1605101366.0
2073,1605101344.0
2074,1605101343.0
2075,1605101289.0
2076,1605101249.0
2077,1605101246.0
2078,1605101219.0
2079,1605101192.0
2080,1605101165.0
2081,1605101149.0
2082,1605101142.0
2083,1605101133.0
2084,1605101066.0
2085,1605101032.0
2086,1605101027.0
2087,1605101387.0
2088,1605101362.0
2089,1605101350.0
2090,1605101289.0
2091,1605101219.0
2092,1605101192.0
2093,1605101162.0
2094,1605101160.0
2095,1605101147.0
2096,1605101405.0
2097,1605101391.0
2098,1605101390.0
2099,1605101384.0
2100,1605101367.0
2101,1605101361.0
2102,1605101353.0
2103,1605101350.0
2104,1605101349.0
2105,1605101330.0
2106,1605101319.0
2107,1605101312.0
2108,1605101310.0
2109,1605100981.0
2110,1605100975.0
2111,1605100944.0
2112,1605100943.0
2113,1605100932.0
2114,1605100931.0
2115,1605100925.0
2116,1605101315.0
2117,1605101315.0
2118,1605101311.0
2119,1605101298.0
2120,1605101250.0
2121,1605101237.0
2122,1605101231.0
2123,1605101142.0
2124,1605101104.0
2125,1605101094.0
2126,1605101093.0
2127,1605101062.0
2128,1605101052.0
2129,1605101340.0
2130,1605101334.0
2131,1605101326.0
2132,1605101321.0
2133,1605101320.0
2134,1605101291.0
2135,1605101256.0
2136,1605101245.0
2137,1605101210.0
2138,1605101209.0
2139,1605101207.0
2140,1605101170.0
2141,1605101165.0
2142,1605101156.0
2143,1605101149.0
2144,1605101146.0
2145,1605101423.0
2146,1605101415.0
2147,1605101414.0
2148,1605101412.0
2149,1605101407.0
2150,1605101406.0
2151,1605101395.0
2152,1605101391.0
2153,1605101375.0
2154,1605101358.0
2155,1605101356.0
2156,1605101341.0
2157,1605101322.0
2158,1605101313.0
2159,1605101306.0
2160,1605101301.0
